system,detector,device,threshold,precision,recall,f1,avg_latency_ms,peak_memory_mb
RTX3050,NLI-based,cpu,0.5,0.7314814814814815,0.4637964774951076,0.5676646706586826,1961.83,n/a (CPU)
RTX3050,NLI-based,cuda,0.5,0.7314814814814815,0.4637964774951076,0.5676646706586826,70.67,1657.9
RTX3050,Retrieval-based,cpu,0.55,1.0,0.003913894324853229,0.007797270955165692,54.65,n/a (CPU)
RTX3050,Retrieval-based,cpu,0.65,0.6190476190476191,0.025440313111545987,0.04887218045112782,53.42,n/a (CPU)
RTX3050,Retrieval-based,cpu,0.75,0.7391304347826086,0.13307240704500978,0.22553897180762852,57.82,n/a (CPU)
RTX3050,Retrieval-based,cpu,0.85,0.7203389830508474,0.49902152641878667,0.5895953757225434,61.08,n/a (CPU)
RTX3050,Retrieval-based,cpu,0.9,0.7091254752851711,0.7299412915851272,0.7193828351012537,54.1,n/a (CPU)
RTX3050,Retrieval-based,cuda,0.55,1.0,0.003913894324853229,0.007797270955165692,18.93,99.7
RTX3050,Retrieval-based,cuda,0.65,0.6190476190476191,0.025440313111545987,0.04887218045112782,19.93,99.7
RTX3050,Retrieval-based,cuda,0.75,0.7391304347826086,0.13307240704500978,0.22553897180762852,18.95,186.3
RTX3050,Retrieval-based,cuda,0.85,0.7203389830508474,0.49902152641878667,0.5895953757225434,18.73,273.0
RTX3050,Retrieval-based,cuda,0.9,0.7091254752851711,0.7299412915851272,0.7193828351012537,21.38,359.6
RTX3050,SelfCheck-style,cpu,0.5,0.7226148409893993,0.8003913894324853,0.7595171773444754,40168.53,n/a (CPU)
RTX3050,SelfCheck-style,cuda,0.5,0.7189655172413794,0.8160469667318982,0.7644362969752521,5416.86,2902.6
